negative_topic,negative_topic_cn,problem,example_review,operation_strategy,customer_service_reply,review_metrics
size_issue,尺码问题,尺码偏差 / 版型不合适,"I love tracy reese dresses, but this one is not for the very petite. i am just under 5 feet tall and usually wear a 0p in this brand. this dress was very pretty out of the package but its a lot of dress. the skirt is long and very full so it overwhelmed my small frame. not a stranger to alterations, shortening and narrowing the skirt would take away from the embellishment of the garment. i love the color and the idea of the style but it just did not work on me. i returned this dress.",优化尺码表，增加模特身高体重、试穿报告和尺码推荐说明，降低用户选择成本。,您好，很抱歉尺码体验没有达到预期。建议您参考详情页尺码表和试穿信息，我们也会继续优化尺码说明。,尺码相关差评率、退换货率、尺码咨询量
fabric_quality,面料质量,面料质量问题,"First of all, this is not pullover styling. there is a side zipper. i wouldn't have purchased it if i knew there was a side zipper because i have a large bust and side zippers are next to impossible for me.

second of all, the tulle feels and looks cheap and the slip has an awkward tight shape underneath.

not at all what is looks like or is described as. sadly will be returning, but i'm sure i will find something to exchange it for!",补充材质说明、近距离面料图和洗护建议，重点排查高差评商品的供应批次与品控问题。,您好，感谢您的反馈。我们会将面料质感问题反馈给商品团队，并持续优化材质说明和质量控制。,面料相关差评率、商品评分、退货原因占比
color_mismatch,颜色/图片不符,颜色 / 图片不符,"I love tracy reese dresses, but this one is not for the very petite. i am just under 5 feet tall and usually wear a 0p in this brand. this dress was very pretty out of the package but its a lot of dress. the skirt is long and very full so it overwhelmed my small frame. not a stranger to alterations, shortening and narrowing the skirt would take away from the embellishment of the garment. i love the color and the idea of the style but it just did not work on me. i returned this dress.",优化商品图片光线，增加真实买家图和不同场景下的颜色展示，减少用户预期偏差。,您好，很抱歉图片展示与实际感受存在差异。我们会优化图片展示，并增加更真实的颜色参考。,图片不符相关差评率、买家图点击率、详情页停留时长
style_design,款式设计不符合预期,款式设计不符合预期,"I love tracy reese dresses, but this one is not for the very petite. i am just under 5 feet tall and usually wear a 0p in this brand. this dress was very pretty out of the package but its a lot of dress. the skirt is long and very full so it overwhelmed my small frame. not a stranger to alterations, shortening and narrowing the skirt would take away from the embellishment of the garment. i love the color and the idea of the style but it just did not work on me. i returned this dress.",在详情页明确版型、适合场景和穿搭建议，减少用户对款式、版型和上身效果的误判。,您好，感谢您的建议。我们会进一步完善版型和穿搭说明，帮助用户更准确地选择商品。,款式相关差评率、商品评分、推荐率
price_value,价格感知偏高,价格感知偏高,"I ordered this 3 months ago, and it finally came off back order. a huge disappointment. the fit wasn&#39;t so much the issue for me. the quality of the wool is subpar. someone else mentioned a &quot;felted wool&quot;...i guess, is that what you call it?  it does literally feel like felt! super thin, itchy, doesn&#39;t drape very well, and feels cheap (made in china). i got it on sale, but still not worth what i paid. definitely going back.",针对价格敏感商品设置优惠券、会员价或搭配购，同时强化材质、设计和穿搭场景卖点。,您好，感谢您的反馈。我们会综合评估商品定价与优惠活动，为用户提供更好的购买体验。,优惠券使用率、转化率、价格相关差评率
return_intention,退换货倾向明显,退换货倾向明显,"I love tracy reese dresses, but this one is not for the very petite. i am just under 5 feet tall and usually wear a 0p in this brand. this dress was very pretty out of the package but its a lot of dress. the skirt is long and very full so it overwhelmed my small frame. not a stranger to alterations, shortening and narrowing the skirt would take away from the embellishment of the garment. i love the color and the idea of the style but it just did not work on me. i returned this dress.",优化购买前尺码推荐和详情页说明，完善退换货说明，降低因预期偏差导致的退货率。,您好，很抱歉本次购物体验不佳。您可以根据平台规则申请退换货，我们也会继续优化商品信息展示。,退货率、换货率、客服工单量
other,其他体验问题,其他体验问题,You have to be a contortionist to get this bra on. it slips over your head and i needed my 8yo daughter to help me pull it down past my elbows. ridiculously impractical. why oh why didn't heather give it a hook and loop closure instead?,对评论进行人工复核，补充细分标签，持续完善商品问题诊断体系。,您好，感谢您的反馈。我们会认真记录您的意见，并持续优化商品和服务体验。,主题差评率、商品评分、推荐率
